program,checkpoint_time,restore_time,snapshot_size
llama2.c,7.023000000000001,5.783,5043839
nbody,5.664000000000001,4.74,3212933
binary-trees,15.734,8.896,19990202
fannkuch-redux,5.699,4.16,3212787
mandelbrot,4.315,3.677,1226418
bc,229.627,54.945,288467549
bfs,216.49599999999998,49.603,288467660
cc,164.185,48.83,288304142
cc_sv,162.29000000000002,47.773,286350148
pr,165.75400000000002,47.314,286374632
pr_spmv,162.20600000000002,48.078,288459480
sssp,349.06100000000004,97.772,489790961
