{"results": [{"command": "run", "mean": 0.03833391230666667, "stddev": 0.0006710893460912401, "median": 0.03823128104000001, "user": 0.030472646666666672, "system": 0.007313499999999998, "min": 0.03731678404, "max": 0.03963371504, "times": [0.039303979040000006, 0.038402760040000004, 0.03904869004000001, 0.03752756904000001, 0.03840755204000001, 0.03815884504000001, 0.03963371504, 0.03768703604, 0.038528392040000005, 0.03864257904000001, 0.039151400040000006, 0.038267965040000004, 0.03954035904000001, 0.039065964040000005, 0.03779652004, 0.03769521504000001, 0.038102533040000004, 0.03753487104000001, 0.037815608040000004, 0.037586828040000006, 0.03760167904, 0.03757796704000001, 0.03731678404, 0.03814596004, 0.03869393704000001, 0.03805543204, 0.038891265040000005, 0.038235361040000006, 0.038227201040000006, 0.039373402040000005], "exit_codes": [0, 0, 0, 0, 0, 0, 0, 0, 0, 0, 0, 0, 0, 0, 0, 0, 0, 0, 0, 0, 0, 0, 0, 0, 0, 0, 0, 0, 0, 0], "ratios": [1.0253057064870634, 1.0017960006999171, 1.0186460940280555, 0.9789652759620251, 1.00192100750751, 0.9954330968030045, 1.0339073852659513, 0.9831252218273018, 1.005073307722351, 1.0080520540367506, 1.0213254448644202, 0.9982796625051183, 1.0314720481353927, 1.019096713309015, 0.9859812830381728, 0.9833385838221479, 0.9939641102944136, 0.9791557600415416, 0.9864792233435425, 0.9805111395703606, 0.9808985511103357, 0.9802799865398765, 0.9734666198813791, 0.9950969714449422, 1.0093918077146204, 0.9927354071131885, 1.0145394169234432, 0.9974291362207367, 0.9972162698705787, 1.0271167139168458]}, {"command": "run w/ cr", "mean": 0.050162591706666676, "stddev": 0.0016318798897417904, "median": 0.049680081540000004, "user": 0.044856679999999996, "system": 0.0044615666666666665, "min": 0.048252488040000006, "max": 0.05541778104000001, "times": [0.048252488040000006, 0.049308122040000006, 0.04893703204000001, 0.04950099604000001, 0.049061867040000005, 0.04927864004000001, 0.050215134040000005, 0.048946150040000004, 0.049538269040000006, 0.048794507040000004, 0.049055709040000006, 0.04990145004, 0.05073078904000001, 0.04982189404000001, 0.050930202040000004, 0.05010496904, 0.05052211504, 0.04878075104000001, 0.048391094040000006, 0.048593229040000005, 0.051418466040000006, 0.05177333504000001, 0.05541778104000001, 0.051218142040000005, 0.053272184040000004, 0.052431324040000005, 0.04845611904000001, 0.051675021040000005, 0.04921111604, 0.051338855040000006], "exit_codes": [0, 0, 0, 0, 0, 0, 0, 0, 0, 0, 0, 0, 0, 0, 0, 0, 0, 0, 0, 0, 0, 0, 0, 0, 0, 0, 0, 0, 0, 0], "ratios": [1.2587415459707303, 1.2862794083093054, 1.2765989458239917, 1.291310827968667, 1.2798554618560973, 1.2855103242731094, 1.3099402335531265, 1.276836803101043, 1.2922831524134515, 1.272880958500918, 1.279694820804103, 1.3017572962757995, 1.3233918999490535, 1.2996819537080087, 1.328593899640729, 1.3070664073931797, 1.3179483126018858, 1.2725221117469014, 1.2623573000552903, 1.2676303073701438, 1.3413310290026879, 1.3505883413573752, 1.4456594097848519, 1.336105264452557, 1.389688159502974, 1.3677530125429345, 1.2640535787831126, 1.3480236670498456, 1.2837488552255512, 1.3392542516739583]}, {"command": "nbody", "mean": 0.028003511340000006, "stddev": 0.0005655052516399432, "median": 0.02791524204, "user": 0.024533813333333328, "system": 0.0029261, "min": 0.02704087604, "max": 0.02925999304, "times": [0.02873202404, 0.02747111304, 0.02785282104, 0.02781659104, 0.02769585004, 0.02777215104, 0.028994791040000002, 0.02870522004, 0.02763810504, 0.02797766304, 0.02812689304, 0.02845775504, 0.02805921604, 0.02819423804, 0.027473927040000002, 0.02719591804, 0.02829543404, 0.02823291304, 0.02823183904, 0.02758117104, 0.02799520304, 0.02738702004, 0.027399411040000002, 0.027800170040000002, 0.027756740040000002, 0.02740019904, 0.029062960040000002, 0.02925999304, 0.02849713404, 0.02704087604], "exit_codes": [0, 0, 0, 0, 0, 0, 0, 0, 0, 0, 0, 0, 0, 0, 0, 0, 0, 0, 0, 0, 0, 0, 0, 0, 0, 0, 0, 0, 0, 0], "ratios": [1.026015048297154, 0.9809881591798979, 0.9946188783909837, 0.9933251120643214, 0.98901347419384, 0.9917381682178716, 1.035398407291305, 1.0250578826162302, 0.9869514113582584, 0.9990769621821287, 1.0044059367592149, 1.0162209550968402, 1.0019892041152862, 1.0068108137470446, 0.9810886465782758, 0.9711609986978152, 1.010424503429433, 1.008191890553108, 1.008153538219825, 0.9849183091765804, 0.9997033122061326, 0.9779852143356247, 0.9784276945606778, 0.9927387213149391, 0.9911878443740905, 0.9784558338890081, 1.0378327091605362, 1.0448687196667814, 1.0176271716074015, 0.965624478719389]}, {"command": "nbody w/ cr", "mean": 0.029515728506666665, "stddev": 0.0003592495562619326, "median": 0.029501159040000002, "user": 0.02436064666666667, "system": 0.0028431999999999993, "min": 0.02897921404, "max": 0.03056321004, "times": [0.02974896304, 0.029452403040000002, 0.03056321004, 0.02963774904, 0.02928870804, 0.02920861604, 0.02897921404, 0.02937681304, 0.02963576704, 0.02955776204, 0.02999620604, 0.02920678004, 0.02921898704, 0.02951189204, 0.02941559104, 0.02926778404, 0.029554557040000002, 0.02992191504, 0.02915965804, 0.02950534304, 0.02950600504, 0.02917024604, 0.02949697504, 0.02932169804, 0.030332954040000002, 0.02913204704, 0.02963065004, 0.02998480904, 0.02951636104, 0.02917219104], "exit_codes": [0, 0, 0, 0, 0, 0, 0, 0, 0, 0, 0, 0, 0, 0, 0, 0, 0, 0, 0, 0, 0, 0, 0, 0, 0, 0, 0, 0, 0, 0], "ratios": [1.0623297442527075, 1.0517396437328346, 1.091406347901227, 1.058358313718525, 1.045894126789887, 1.0430340568855245, 1.0348421556194742, 1.0490403393819538, 1.0582875368800089, 1.0555019933439531, 1.071158744194827, 1.0429684936789072, 1.0434044032993754, 1.0538639844727413, 1.0504250942981923, 1.0451469347772155, 1.0553875434108326, 1.0685058268839223, 1.041285776128673, 1.0536301209432544, 1.0536537608358365, 1.041663871570757, 1.0533313012738779, 1.0470721933401654, 1.0831839504595495, 1.0402997926330761, 1.0581048097948988, 1.0707517595184546, 1.0540235716025745, 1.0417333271463947]}, {"command": "binary-trees", "mean": 0.70148878374, "stddev": 0.0031326814206022804, "median": 0.70132142604, "user": 0.6954130133333334, "system": 0.005293833333333333, "min": 0.69260548604, "max": 0.7072095310400001, "times": [0.7026538010400001, 0.7035415740400001, 0.69987334304, 0.6991031070400001, 0.7010239690400001, 0.70519893704, 0.6977779960400001, 0.69260548604, 0.6969312460400001, 0.7003580500400001, 0.70445995904, 0.7025502490400001, 0.7006185950400001, 0.70073553204, 0.7037697780400001, 0.7016188830400001, 0.6987830310400001, 0.7049483810400001, 0.7072095310400001, 0.7043426380400001, 0.7041104490400001, 0.6996318930400001, 0.70408779304, 0.6993438930400001, 0.6965904140400001, 0.70497412004, 0.7037545020400001, 0.70056616504, 0.7025900370400001, 0.7009101590400001], "exit_codes": [0, 0, 0, 0, 0, 0, 0, 0, 0, 0, 0, 0, 0, 0, 0, 0, 0, 0, 0, 0, 0, 0, 0, 0, 0, 0, 0, 0, 0, 0], "ratios": [1.0016607782291098, 1.002926333745574, 0.9976971254032214, 0.9965991235279905, 0.9993373882651099, 1.0052889702387247, 0.9947101253989896, 0.9873365078588449, 0.9935030497911865, 0.9983880943983574, 1.0042355278785202, 1.0015131607583814, 0.998759511598517, 0.9989262099160247, 1.0032516475713822, 1.000185461696631, 0.996142842533313, 1.0049317927530577, 1.008155151490092, 1.0040682821538283, 1.0037372875529422, 0.9973529288806303, 1.003704990529062, 0.9969423734923253, 0.9930171802977602, 1.0049684847153477, 1.0032298710293277, 0.9986847705602917, 1.0015698801257074, 0.9991751476097522]}, {"command": "binary-trees w/ cr", "mean": 1.0680723354066666, "stddev": 0.019630958882224155, "median": 1.0636513650400001, "user": 1.0465180466666664, "system": 0.0207402, "min": 1.04119688304, "max": 1.09871806704,