{"results": [{"command": "cd /home/tamaron/work/wanco/benchmark/llama2-c ; ../wanco-artifacts/run.c.aot -- model.bin -n 256 -s 42", "mean": 0.0349145855, "stddev": 0.000553026758703008, "median": 0.034979033, "user": 0.03236724, "system": 0.0037120919999999993, "min": 0.0341590415, "max": 0.0357988775, "times": [0.035272700500000004, 0.0341590415, 0.0349176015, 0.035138602500000005, 0.0342935425, 0.0350404645, 0.0341952505, 0.0357988775, 0.0348673935, 0.0354623805], "exit_codes": [0, 0, 0, 0, 0, 0, 0, 0, 0, 0], "name": "llama2.c", "ratios": [1.010256888199346, 0.978360218539613, 1.0000863822370167, 1.006416143763185, 0.9822125054298584, 1.0036053413837607, 0.9793972922863428, 1.0253272948063497, 0.9986483585778214, 1.0156895747767076]}, {"command": "cd /home/tamaron/work/wanco/benchmark/llama2-c ; ../wanco-artifacts/run.c.cr.aot -- model.bin -n 256 -s 42", "mean": 0.059417273300000004, "stddev": 0.0006017768286153922, "median": 0.059335864, "user": 0.05905404000000001, "system": 0.0056499639999999995, "min": 0.05871973950000001, "max": 0.0608627745, "times": [0.0608627745, 0.059442994500000006, 0.0591055325, 0.05871973950000001, 0.0596204045, 0.0597587565, 0.059228733500000005, 0.0594707015, 0.0589131405, 0.0590499555], "exit_codes": [0, 0, 0, 0, 0, 0, 0, 0, 0, 0], "name": "llama2.c w/ cr", "ratios": [1.7431905213367063, 1.7025261405437566, 1.6928607816352281, 1.681811158835038, 1.707607398060046, 1.711569982693909, 1.6963894215499138, 1.703319705743034, 1.6873504197837321, 1.691268982700654]}, {"command": "cd /home/tamaron/work/wanco/benchmark ; ./wanco-artifacts/nbody.c.aot -- 1000000", "mean": 0.0362528239, "stddev": 0.0007189075251158994, "median": 0.036375591, "user": 0.035098239999999996, "system": 0.002418328, "min": 0.0349819035, "max": 0.0372662595, "times": [0.0351123785, 0.0349819035, 0.036116731500000006, 0.0368644715, 0.0366554085, 0.0365894235, 0.0372662595, 0.036190480500000004, 0.0363185455, 0.036432636500000004], "exit_codes": [0, 0, 0, 0, 0, 0, 0, 0, 0, 0], "name": "nbody", "ratios": [0.9685418878500109, 0.9649428578721009, 0.9962460193342346, 1.016871722922528, 1.0111049169882735, 1.0092847829159042, 1.0279546664501356, 0.9982803160335325, 1.0018128684314713, 1.0049599612018087]}, {"command": "cd /home/tamaron/work/wanco/benchmark ; ./wanco-artifacts/nbody.c.cr.aot -- 1000000", "mean": 0.032726546300000006, "stddev": 0.00031626724907752695, "median": 0.0326241425, "user": 0.032106939999999994, "system": 0.000875564, "min": 0.0321944565, "max": 0.0332552485, "times": [0.0325961535, 0.0330601425, 0.0325578435, 0.0321944565, 0.032872513500000006, 0.0326521315, 0.0325837465, 0.0332552485, 0.0330042845, 0.0324889425], "exit_codes": [0, 0, 0, 0, 0, 0, 0, 0, 0, 0], "name": "nbody w/ cr", "ratios": [0.8991341913091632, 0.9119328908333676, 0.8980774460441412, 0.8880537579308408, 0.9067573215999872, 0.9006782917123319, 0.898791955900572, 0.9173147060690078, 0.9103921005171682, 0.8961768768584121]}, {"command": "cd /home/tamaron/work/wanco/benchmark ; ./wanco-artifacts/binary-trees.c.aot -- 18", "mean": 0.6652805952999999, "stddev": 0.013154665201602005, "median": 0.6732886790000001, "user": 0.66808614, "system": 0.010165948, "min": 0.6484167095000001, "max": 0.6772046495000001, "times": [0.6484167095000001, 0.6510256675000001, 0.6510226035000001, 0.6500885415000001, 0.6710136695000001, 0.6755636885, 0.6762882285000001, 0.6762123225000001, 0.6772046495000001, 0.6759698725000001], "exit_codes": [0, 0, 0, 0, 0, 0, 0, 0, 0, 0], "name": "binary-trees", "ratios": [0.9746514689904712, 0.9785730593967321, 0.9785684538212476, 0.97716444172981, 1.0086175280633503, 1.0154567760921436, 1.016545850394203, 1.0164317541759513, 1.0179233458547265, 1.0160673214813667]}, {"command": "cd /home/tamaron/work/wanco/benchmark ; ./wanco-artifacts/binary-trees.c.cr.aot -- 18", "mean": 1.2045313264999997, "stddev": 0.06830742378145704, "median": 1.21349171, "user": 1.2371661399999998, "system": 0.006294319999999999, "min": 1.1262034235, "max": 1.3063246044999999, "times": [1.3063246044999999, 1.2799782855, 1.2493813285, 1.2448374414999999, 1.2464295745, 1.1821459785, 1.1262034235, 1.1297086905, 1.1435621784999999, 1.1367417595], "exit_codes": [0, 0, 0, 0, 0, 0, 0, 0, 0, 0], "name": "binary-trees w/ cr", "ratios": [1.9635693776863117, 1.9239675627737343, 1.8779765069453245, 1.8711464760800005, 1.8735396512473632, 1.7769133608457737, 1.6928246990161389, 1.698093554029743, 1.718917080370163, 1.7086651369823895]}, {"command": "cd /home/tamaron/work/wanco/benchmark ; ./wanco-artifacts/fannkuch-redux.c.aot -- 11", "mean": 1.255089575, "stddev": 0.0025470514329997665, "median": 1.2554794564999998, "user": 1.3605104399999999, "system": 0.008528791999999999, "min": 1.2519690305, "max": 1.2593272745, "times": [1.2533369285, 1.2521914125, 1.2562528265, 1.2593272745, 1.2559368734999998, 1.2519690305, 1.2576899584999999, 1.2568065055, 1.2523629004999999, 1.2550220395], "exit_codes": [0, 0, 0, 0, 0, 0, 0, 0, 0, 0], "name": "fannkuch-redux", "ratios": [0.998603568593899, 0.9976908719841769, 1.0009268274736487, 1.0033764119983228, 1.0006750900627948, 0.9975136878178595, 1.0020718708463496, 1.001367974473057, 0.9978275060566891, 0.9999461906932021]}, {"command": "cd /home/tamaron/work/wanco/benchmark ; ./wanco-artifacts/fannkuch-redux.c.cr.aot -- 11", "mean": 1.9868705913000002, "stddev": 0.11056201515431924, "median": 1.985816499, "user": 2.04512144, "system": 0.0031535559999999996, "min": 1.8754006994999999, "max": 2.1501002325000003, "times": [2.0448072145, 2.1501002325000003, 2.1292054525000004, 2.0524005135000003, 2.0533728415000003, 1.9268257835, 1.8754006994999999, 1.8761518995, 1.8794582505000001, 1.8809830255], "exit_codes": [0, 0, 0, 0, 0, 0, 0, 0, 0, 0], "name": "fannkuch-redux w/ cr", "ratios": [1.6292121735613971, 1.7131050048758474, 1.696456966029696, 1.6352621791954574, 1.6360368872476694, 1.5352097745692772, 1.4942365364639412, 1.4948350594817108, 1.497469414085445, 1.49868428753382]}, {"command": "cd /home/tamaron/work/wanco/benchmark ; ./wanco-artifacts/mandelbrot.c.aot -- 1000", "mean": 0.02140632950000001, "stddev": 0.0007798711178526021, "median": 0.021170091000000002, "user": 0.02016774, "system": 0.0023539279999999995, "min": 0.0207365875, "max": 0.023381876500000003, "times": [0.021614499500000002, 0.0211412625, 0.021872553500000003, 0.023381876500000003, 0.0207365875, 0.021198919500000003, 0.0213587875, 0.021073017500000003, 0.020852857500000002, 0.0208329335], "exit_codes": [0, 0, 0, 0, 0, 0, 0, 0, 0, 0], "name": "mandelbrot", "ratios": [1.0097246938107718, 0.987617354016717, 1.0217797264122275, 1.092287984261851, 0.9687128986779351, 0.9903108097070072, 0.9977790681022635, 0.9844292782655707, 0.9741444697466698, 0.9732137169989835]}, {"command": "cd /home/tamaron/work/wanco/benchmark ; ./wanco-artifacts/mandelbrot.c.cr.aot -- 1000", "mean": 0.027509814900000002, "stddev": 0.00031605109574532825, "median": 0.027500072, "user": 0.026752739999999997, "system": 0.0033776559999999997, "min": 0.0270271615, "max": 0.028118581500000003, "times": [0.027635271500000003, 0.027674860500000002, 0.0277424575, 0.0276673415, 0.0273648725, 0.027354383500000003, 0.0272647885, 0.0272484305, 0.0270271615, 0.028118581500000003], "exit_codes": [0, 0, 0, 0, 0, 0, 0, 0, 0, 0], "name": "mandelbrot w/ cr", "ratios": [1.2909859908491081, 1.2928353971193423, 1.295993201450066, 1.2924841458690988, 1.2783542596595083, 1.2778642643989944, 1.27367882008917, 1.2729146535841183, 1.262578037958352, 1.3135638923992081]}, {"command": "cd /home/tamaron/work/wanco/benchmark ; ./wanco-artifacts/bc.aot -- -g 20 -n 1", "mean": 2.4026148704, "stddev": 0.11066769008511716, "median": 2.4441335945000002, "user": 2.4327849400000003, "system": 0.03818124, "min": 2.1756923775000003, "max": 2.5324522415, "times": [2.2850825235000003, 2.3158874325000003, 2.4884747745, 2.4668567265, 2.4458901815000003, 2.4423770075, 2.5324522415, 2.4770925195, 2.3963429195000003, 2.1756923775000003],