{"results": [{"command": "cd /home/tamaron/work/wanco/benchmark/llama2-c ; ../wanco-artifacts/run.c.aot -- model.bin -n 256 -s 42", "mean": 0.037774273680000005, "stddev": 0.0006177432482653111, "median": 0.03763946228, "user": 0.030774699999999995, "system": 0.007969969999999998, "min": 0.03704216128, "max": 0.038751091280000004, "times": [0.038235254280000006, 0.037068043280000004, 0.03759274028, 0.038232806280000003, 0.038751091280000004, 0.037108118280000005, 0.03847369228, 0.03704216128, 0.037552645280000005, 0.03768618428], "exit_codes": [0, 0, 0, 0, 0, 0, 0, 0, 0, 0], "name": "llama2.c", "ratios": [1.0122035595946897, 0.9813039317186416, 0.9951942583585368, 1.0121387535835737, 1.0258593350669025, 0.9823648389471826, 1.0185157392018978, 0.9806187564001362, 0.9941328216691208, 0.9976680054593176]}, {"command": "cd /home/tamaron/work/wanco/benchmark/llama2-c ; ../wanco-artifacts/run.c.cr.aot -- model.bin -n 256 -s 42", "mean": 0.059429100580000005, "stddev": 0.001985007052878433, "median": 0.05905620828000001, "user": 0.052702799999999994, "system": 0.01187363, "min": 0.05804547728, "max": 0.06484211228, "times": [0.06484211228, 0.05908963728, 0.05835632528, 0.05957285728, 0.05804547728, 0.05902277928000001, 0.05939187128, 0.058350230280000005, 0.05946676428, 0.058152951280000004], "exit_codes": [0, 0, 0, 0, 0, 0, 0, 0, 0, 0], "name": "llama2.c w/ cr", "ratios": [1.7165680756512165, 1.5642825532681426, 1.5448695526049885, 1.5770748574721503, 1.5366404598993733, 1.5625126185086717, 1.5722836071748394, 1.544708199403293, 1.5742662528408937, 1.5394856238040577]}, {"command": "cd /home/tamaron/work/wanco/benchmark ; ./wanco-artifacts/nbody.c.aot -- 1000000", "mean": 0.03432592928000001, "stddev": 0.00025000027475940523, "median": 0.03440351078, "user": 0.0318669, "system": 0.0052492699999999995, "min": 0.03393674628, "max": 0.034636550280000004, "times": [0.034636550280000004, 0.03450501828, 0.03412462428, 0.03395511628, 0.03452534328, 0.03431081928, 0.03426481128, 0.03449620228, 0.03393674628, 0.034504061280000005], "exit_codes": [0, 0, 0, 0, 0, 0, 0, 0, 0, 0], "name": "nbody", "ratios": [1.0090491650631286, 1.0052173095894694, 0.9941354828777411, 0.9891972917331605, 1.0058094275721818, 0.9995598079843155, 0.9982194801049242, 1.0049604775040775, 0.9886621277802735, 1.0051894297907262]}, {"command": "cd /home/tamaron/work/wanco/benchmark ; ./wanco-artifacts/nbody.c.cr.aot -- 1000000", "mean": 0.03060956928000001, "stddev": 0.00022211606884689798, "median": 0.03054166528, "user": 0.0299251, "system": 0.00173858, "min": 0.030374826280000003, "max": 0.031093306280000003, "times": [0.030551379280000002, 0.030374826280000003, 0.03066218528, 0.030644649280000002, 0.030516924280000003, 0.03086049328, 0.030377738280000004, 0.031093306280000003, 0.030482239280000004, 0.03053195128], "exit_codes": [0, 0, 0, 0, 0, 0, 0, 0, 0, 0], "name": "nbody w/ cr", "ratios": [0.8900379369423439, 0.884894507362919, 0.8932659923023647, 0.8927551248512039, 0.8890341767901002, 0.8990431993338883, 0.8849793411914877, 0.9058256231424595, 0.8880237161637594, 0.8894719508086102]}, {"command": "cd /home/tamaron/work/wanco/benchmark ; ./wanco-artifacts/binary-trees.c.aot -- 18", "mean": 0.6105648375800001, "stddev": 0.0011223341514317465, "median": 0.6106188612800001, "user": 0.6742216999999999, "system": 0.00335047, "min": 0.6085343372800001, "max": 0.6124510352800001, "times": [0.61139089028, 0.6095269212800001, 0.61119002328, 0.61052887328, 0.6124510352800001, 0.61070884928, 0.6113151322800001, 0.6103787112800001, 0.6085343372800001, 0.6096236022800001], "exit_codes": [0, 0, 0, 0, 0, 0, 0, 0, 0, 0], "name": "binary-trees", "ratios": [1.0013529319888024, 0.9983000719397568, 1.001023946453382, 0.9999410966734629, 1.0030892668295082, 1.0002358663505266, 1.0012288534383569, 0.9996951571912694, 0.9966743903758886, 0.9984584187590451]}, {"command": "cd /home/tamaron/work/wanco/benchmark ; ./wanco-artifacts/binary-trees.c.cr.aot -- 18", "mean": 1.1344778548799996, "stddev": 0.0357076223727379, "median": 1.11902018978, "user": 1.1986408000000002, "system": 0.03686600999999999, "min": 1.09715005428, "max": 1.18889447028, "times": [1.10050897528, 1.11838263128, 1.1196577482799999, 1.11592820528, 1.09715005428, 1.0994036082799998, 1.1505693612799999, 1.17444405528, 1.18889447028, 1.17983943928], "exit_codes": [0, 0, 0, 0, 0, 0, 0, 0, 0, 0], "name": "binary-trees w/ cr", "ratios": [1.8024440772611707, 1.8317180460518452, 1.8338064679875954, 1.8276981191760553, 1.7969427434252538, 1.8006336765764845, 1.8844343638266672, 1.9235369988467714, 1.9472042887242476, 1.9323737081819912]}, {"command": "cd /home/tamaron/work/wanco/benchmark ; ./wanco-artifacts/fannkuch-redux.c.aot -- 11", "mean": 1.3146896067799998, "stddev": 0.04365601748534041, "median": 1.3337612397799998, "user": 1.3686795, "system": 0.00312107, "min": 1.23583025128, "max": 1.35065568328, "times": [1.30519220228, 1.31851075728, 1.3442589512799998, 1.35065568328, 1.34391772828, 1.3423365622799999, 1.3441809572799999, 1.32518591728, 1.23583025128, 1.23682705728], "exit_codes": [0, 0, 0, 0, 0, 0, 0, 0, 0, 0], "name": "fannkuch-redux", "ratios": [0.9927759339915516, 1.002906503923279, 1.0224915024409622, 1.027357085896564, 1.0222319560063968, 1.0210292645179682, 1.0224321774112384, 1.0079838696874681, 0.9400167498903821, 0.9407749562341909]}, {"command": "cd /home/tamaron/work/wanco/benchmark ; ./wanco-artifacts/fannkuch-redux.c.cr.aot -- 11", "mean": 1.90634827658, "stddev": 0.10713997063825746, "median": 1.84343117128, "user": 2.0377710999999996, "system": 0.03186886, "min": 1.8372142252800001, "max": 2.17461079528, "times": [1.84524054228, 1.83939749128, 1.8398383622799999, 1.84064866728, 1.84162180028, 1.8372142252800001, 1.93883308628, 1.95463354028, 2.17461079528, 1.95144425528], "exit_codes": [0, 0, 0, 0, 0, 0, 0, 0, 0, 0], "name": "fannkuch-redux w/ cr", "ratios": [1.4035560430111338, 1.3991116091539961, 1.399446951426215, 1.4000632984299648, 1.4008034982421345, 1.3974509388415965, 1.474745883957113, 1.4867642751564616, 1.6540868537069826, 1.4843383907624932]}, {"command": "cd /home/tamaron/work/wanco/benchmark ; ./wanco-artifacts/mandelbrot.c.aot -- 1000", "mean": 0.022554421279999997, "stddev": 0.0005633702401188364, "median": 0.02247850328, "user": 0.017457, "system": 0.00395538, "min": 0.021924196280000002, "max": 0.02375147428, "times": [0.022420025280000002, 0.02253698128, 0.02319575428, 0.021924196280000002, 0.02209341428, 0.02206080628, 0.02222068228, 0.022703568280000003, 0.02375147428, 0.022637310280000003], "exit_codes": [0, 0, 0, 0, 0, 0, 0, 0, 0, 0], "name": "mandelbrot", "ratios": [0.9940412569965087, 0.9992267591447597, 1.0284349126957517, 0.9720575849774145, 0.9795602381334967, 0.9781144905527811, 0.9852029455397316, 1.006612761114481, 1.0530739842596397, 1.0036750665854375]}, {"command": "cd /home/tamaron/work/wanco/benchmark ; ./wanco-artifacts/mandelbrot.c.cr.aot -- 1000", "mean": 0.029809149080000003, "stddev": 0.0003615187017251899, "median": 0.029797769780000004, "user": 0.030850299999999997, "system": 0.0, "min": 0.02945282628, "max": 0.030703785280000003, "times": [0.029458984280000003, 0.02979590328, 0.029890639280000002, 0.02994902228, 0.030703785280000003, 0.02945282628, 0.029858144280000002, 0.029555943280000004, 0.029626606280000002, 0.029799636280000003], "exit_codes": [0, 0, 0, 0, 0, 0, 0, 0, 0, 0], "name": "mandelbrot w/ cr", "ratios": [1.306129025182419, 1.321067071954595, 1.3252674014076944, 1.3278559404473447, 1.3613200223065092, 1.3058559966740146, 1.3238266639311442, 1.3104279162422388, 1.3135609161593176, 1.3212325827408686]}, {"command": "cd /home/tamaron/work/wanco/benchmark ; ./wanco-artifacts/bc.aot -- -g 18 -n 1", "mean": 0.5472467256800001, "stddev": 0.019049684354707913, "median": 0.5377451482800001, "user": 0.5402701999999999, "system": 0.014183399999999999, "min": 0.5282720832800001, "max": 0.5722030252800001,