{"results": [{"command": "cd /home/tamaron/work/wanco/benchmark/llama2-c ; ../wanco-artifacts/run.c.aot -- model.bin -n 256 -i 'Once upon a time'", "mean": 0.03903116527999999, "stddev": 0.0010390903761327082, "median": 0.03889708348, "user": 0.032527186666666666, "system": 0.0033666406666666665, "min": 0.036958750480000004, "max": 0.04252069848, "times": [0.03887801448, 0.036958750480000004, 0.03745540048, 0.03871064548, 0.03787571648, 0.03825949448, 0.039351564480000004, 0.04023113448, 0.04095487348, 0.03953265048, 0.03855491548, 0.03845611048, 0.039315258480000004, 0.03876495548, 0.03997340948, 0.038182741480000004, 0.03916748548, 0.03937052348, 0.04252069848, 0.03832817348, 0.03942411348, 0.03865541848, 0.03895233048, 0.03959261048, 0.03938262748, 0.03891615248, 0.038406270480000004, 0.03953312548, 0.03885764848, 0.03837214448], "exit_codes": [0, 0, 0, 0, 0, 0, 0, 0, 0, 0, 0, 0, 0, 0, 0, 0, 0, 0, 0, 0, 0, 0, 0, 0, 0, 0, 0, 0, 0, 0], "name": "llama2.c", "ratios": [0.9960761919634907, 0.9469035888338718, 0.9596280359887838, 0.9917881057944169, 0.970396763926696, 0.9802293681353296, 1.0082088043670117, 1.030743873296934, 1.0492864659868544, 1.012848327647983, 0.9877982172301675, 0.9852667785889895, 1.007278624605799, 0.9931795579739866, 1.0241408165306, 0.9782629139070381, 1.0034925987738794, 1.0086945444125366, 1.089403766835219, 0.9819889620267062, 1.0100675497946603, 0.9903731595686557, 0.9979802089065379, 1.0143845359463992, 1.0090046555740448, 0.9970533085759824, 0.9839898502768969, 1.0128604974101867, 0.99555440380129, 0.9831155233190623]}, {"command": "cd /home/tamaron/work/wanco/benchmark/llama2-c ; ../wanco-artifacts/run.c.cr.aot -- model.bin -n 256 -i 'Once upon a time'", "mean": 0.049859921280000004, "stddev": 0.0006722433677955197, "median": 0.04976025198, "user": 0.04552415333333334, "system": 0.0029271686666666667, "min": 0.048535069480000005, "max": 0.051240963480000006, "times": [0.05006824448, 0.050725156480000005, 0.04992012948, 0.04951802048, 0.050026661480000005, 0.04952665548, 0.049335311480000005, 0.04932537848, 0.04930629448, 0.051240963480000006, 0.050373545480000004, 0.04904406548, 0.04937515948, 0.049528585480000005, 0.051134449480000004, 0.05074806248, 0.048535069480000005, 0.049369654480000004, 0.04970436348, 0.04981614048, 0.05053455348, 0.050099153480000005, 0.05068758248, 0.05007722448, 0.04921920748, 0.04930350948, 0.04921742848, 0.05069159048, 0.05013689348, 0.049208583480000005], "exit_codes": [0, 0, 0, 0, 0, 0, 0, 0, 0, 0, 0, 0, 0, 0, 0, 0, 0, 0, 0, 0, 0, 0, 0, 0, 0, 0, 0, 0, 0, 0], "name": "llama2.c w/ cr", "ratios": [1.2827760616631023, 1.2996065097239653, 1.2789812736023958, 1.2686790190548987, 1.2817106822489421, 1.26890025252149, 1.263997913618018, 1.2637434246749195, 1.2632544820603935, 1.3128217697937001, 1.2905980418117822, 1.2565360303278144, 1.2650188413744436, 1.2689497001868661, 1.3100928223170902, 1.300193374088267, 1.243495271837808, 1.2648778002356382, 1.2734532295777774, 1.2763170180196068, 1.294723155649531, 1.2835679673051263, 1.2986438431028062, 1.2830061342201367, 1.2610232650476485, 1.2631831288230504, 1.2609776860856257, 1.2987465302752554, 1.2845348869379187, 1.2607510723031126]}, {"command": "cd /home/tamaron/work/wanco/benchmark ; ./wanco-artifacts/nbody.c.aot -- 1000000", "mean": 0.02827307451333333, "stddev": 0.00040867243748377507, "median": 0.02814832798, "user": 0.023720186666666664, "system": 0.003777788, "min": 0.02770568348, "max": 0.029248249480000002, "times": [0.027920376480000002, 0.02843206748, 0.02814308248, 0.02772797948, 0.02807115948, 0.02794982848, 0.02845818448, 0.02868625248, 0.02812298948, 0.02784616448, 0.02818642448, 0.02866710248, 0.028116280480000002, 0.02890172248, 0.02815357348, 0.02783001248, 0.02887927548, 0.02805770048, 0.02770568348, 0.02833839748, 0.02877346448, 0.02801819048, 0.029093666480000002, 0.02787435848, 0.028262392480000002, 0.02833432348, 0.02803498948, 0.028418557480000002, 0.029248249480000002, 0.02793978548], "exit_codes": [0, 0, 0, 0, 0, 0, 0, 0, 0, 0, 0, 0, 0, 0, 0, 0, 0, 0, 0, 0, 0, 0, 0, 0, 0, 0, 0, 0, 0, 0], "name": "nbody", "ratios": [0.9875253031584167, 1.0056234763782654, 0.9954022675081896, 0.9807203481504544, 0.9928583984299936, 0.988567000975402, 1.0065472174446175, 1.014613832198257, 0.9946915913491279, 0.9849004736597712, 0.996935245464993, 1.0139365093273054, 0.9944542984435816, 1.0222348640000296, 0.9957733272595813, 0.9843291880716974, 1.0214409284133847, 0.9923823624759394, 0.9799317533342279, 1.0023104302517882, 1.0176984631236583, 0.9909849198320073, 1.0290237966967366, 0.9858976768463826, 0.9996221835255911, 1.002166335558511, 0.9915790893833973, 1.0051456365878448, 1.0344912954622882, 0.9882117866885629]}, {"command": "cd /home/tamaron/work/wanco/benchmark ; ./wanco-artifacts/nbody.c.cr.aot -- 1000000", "mean": 0.030154831846666664, "stddev": 0.0008151531736215012, "median": 0.029997191479999998, "user": 0.024246753333333333, "system": 0.003326646, "min": 0.02950211348, "max": 0.03404872848, "times": [0.030105790480000002, 0.03041035348, 0.02955764348, 0.02988114148, 0.03024619948, 0.03009726848, 0.02998248948, 0.030042900480000002, 0.02950211348, 0.03076090848, 0.03012520948, 0.02983698148, 0.02978694648, 0.03023325048, 0.03007261048, 0.02991768848, 0.02981679848, 0.02957081648, 0.02965460148, 0.03001189348, 0.030158548480000002, 0.02959227748, 0.03025986148, 0.031102712480000003, 0.02992073948, 0.03047400548, 0.02978854648, 0.02993541248, 0.029750517480000002, 0.03404872848], "exit_codes": [0, 0, 0, 0, 0, 0, 0, 0, 0, 0, 0, 0, 0, 0, 0, 0, 0, 0, 0, 0, 0, 0, 0, 0, 0, 0, 0, 0, 0, 0], "name": "nbody w/ cr", "ratios": [1.064821955100864, 1.075594147557555, 1.04543435720303, 1.0568762681224613, 1.0697881288338897, 1.0645205375809552, 1.0604608800454483, 1.062597577275582, 1.043470297723973, 1.087993046723427, 1.0655087923244153, 1.0553143580451128, 1.0535446530922112, 1.0693301312435006, 1.0636484003824214, 1.0581689114104333, 1.0546004986454043, 1.0459002775256956, 1.0488636977211359, 1.0615008801340886, 1.0666879707680004, 1.0466593389425882, 1.0702713447640695, 1.1000824287904112, 1.058276823268359, 1.077845476820313, 1.0536012440370426, 1.058795797601804, 1.0522561833864204, 1.204281071870798]}, {"command": "cd /home/tamaron/work/wanco/benchmark ; ./wanco-artifacts/binary-trees.c.aot -- 18", "mean": 0.7091955717466668, "stddev": 0.004272717969196466, "median": 0.7083998044800002, "user": 0.6876269533333332, "system": 0.011905928666666666, "min": 0.7024868534800001, "max": 0.7205668094800001, "times": [0.7163787674800001, 0.7114584794800001, 0.71043268148, 0.71277410348, 0.7083063784800001, 0.7100866654800001, 0.7055256104800001, 0.70960617248, 0.7097232174800001, 0.70730379448, 0.7059508214800001, 0.71839132248, 0.7070565844800001, 0.7084932304800001, 0.7101661314800001, 0.7071224284800001, 0.7081831254800001, 0.70636343548, 0.71284239648, 0.71192164948, 0.70561138448, 0.7091592534800001, 0.7047258674800001, 0.7205668094800001, 0.7057368604800001, 0.7050430554800001, 0.70399400948, 0.7024868534800001, 0.71462036248, 0.70583569948], "exit_codes": [0, 0, 0, 0, 0, 0, 0, 0, 0, 0, 0, 0, 0, 0, 0, 0, 0, 0, 0, 0, 0, 0, 0, 0, 0, 0, 0, 0, 0, 0], "name": "binary-trees", "ratios": [1.0101286528279383, 1.0031908091695496, 1.0017443844584173, 1.0050459025350649, 0.9987461945588906, 1.0012564851908743, 0.9948251774082175, 1.0005789668600467, 1.000744005961619, 0.9973325027086568, 0.9954247454497279, 1.01296645255509, 0.9969839246720074, 0.9990096649011261, 1.001368536087927, 0.9970767678913155, 0.9985724018775622, 0.9960065511129863, 1.005142198962624, 1.003843901233928, 0.9949461228898548, 0.9999487894903556, 0.9936975011622557, 1.0160339942694894, 0.9951230501085218, 0.9941447515578256, 0.9926655460441526, 0.990540383310426, 1.007649216872537, 0.9952624178710087]}, {"command": "cd /home/tamaron/work/wanco/benchmark ; ./wanco-artifacts/binary-trees.c.cr.aot -- 18", "mean": 1.0821879307800002, "stddev": 0.02161777209913792,